<?xml version="1.0" encoding="UTF-8"?>
<project-private xmlns="http://www.netbeans.org/ns/project-private/1">
    <editor-bookmarks xmlns="http://www.netbeans.org/ns/editor-bookmarks/2" lastBookmarkId="0"/>
    <open-files xmlns="http://www.netbeans.org/ns/projectui-open-files/2">
        <group>
            <file>file:/home/pauli/NetBeansProjects/scrumrest/src/java/org/scrumrest/entities/Usuarios.java</file>
            <file>file:/home/pauli/NetBeansProjects/scrumrest/src/java/org/scrumrest/entities/service/usuSer.java</file>
            <file>file:/home/pauli/NetBeansProjects/scrumrest/src/java/org/scrumrest/entities/service/UsuariosFacadeREST.java</file>
        </group>
    </open-files>
</project-private>
